{"p5":{"V":{"PPVCO":{"type":"double","value":"0.0","desc":"PP\u6642\u6751\u4ebaCO\u7387"},"PPWCO":{"type":"double","value":"0.0","desc":"PP\u6642\u4eba\u72fcCO\u7387"},"PPPCO":{"type":"double","value":"0.0","desc":"PP\u6642\u88cf\u5207\u308a\u8005CO\u7387"},"LR":{"type":"double","value":"1","desc":"\u7656\u306e\u5b66\u7fd2"},"vote":{"type":"select","desc":"\u6295\u7968","value":{"W":"1","V":"0.0","P":"0.0","S":"-0.3","B":"0.0","M":"0.0","EVoted":"0.01","WR":"0.0","FW":"0.0","Black":"0.0","White":"0.0"}},"talk":{"type":"select","desc":"\u6295\u7968\u767a\u8a00","value":{"W":"1","V":"0.0","P":"0.0","S":"0.0","B":"0.0","M":"0.0","EVoted":"0.01","WR":"0.0","FW":"0.0","Black":"0.0","White":"0.0"}}},"S":{"PPVCO":{"type":"double","value":"0.0","desc":"PP\u6642\u6751\u4ebaCO\u7387"},"PPWCO":{"type":"double","value":"0.0","desc":"PP\u6642\u4eba\u72fcCO\u7387"},"PPPCO":{"type":"double","value":"0.0","desc":"PP\u6642\u88cf\u5207\u308a\u8005CO\u7387"},"LR":{"type":"double","value":"1","desc":"\u7656\u306e\u5b66\u7fd2"},"vote":{"type":"select","desc":"\u6295\u7968","value":{"W":"1","V":"0.0","P":"0.0","S":"-0.3","B":"0.0","M":"0.0","EVoted":"0.01","WR":"0.0","FW":"0.0","Black":"0.0","White":"0.0"}},"talk":{"type":"select","desc":"\u6295\u7968\u767a\u8a00","value":{"W":"1","V":"0.0","P":"0.0","S":"0.0","B":"0.0","M":"0.0","EVoted":"0.01","WR":"0.0","FW":"0.0","Black":"0.0","White":"0.0"}},"talkDivineW":{"type":"select","desc":"\u5360\u3044\u5831\u544a\uff08\u767d\uff09","value":{"W":"0.0","V":"0.0","P":"0.0","S":"0.0","B":"0.0","M":"0.0","EVoted":"0.0","WR":"0.0","FW":"0.0","Black":"0.0","White":"1"}},"talkDivineB":{"type":"select","desc":"\u5360\u3044\u5831\u544a\uff08\u9ed2\uff09","value":{"W":"0","V":"0.0","P":"0","S":"0.0","B":"0.0","M":"0.0","EVoted":"0.0","WR":"0.0","FW":"0.0","Black":"1","White":"0.0"}},"divine":{"type":"select","desc":"\u5360\u3044\u5148","value":{"W":"1","V":"0.0","P":"0.0","S":"0.0","B":"0.0","M":"0.0","EVoted":"0.01","WR":"1","FW":"0.0","Black":"0.0","White":"0.0"}}},"W":{"SCO":{"type":"double","value":"0.0","desc":"\u5360\u3044\u5e2bCO\u7387"},"PPVCO":{"type":"double","value":"0.0","desc":"PP\u6642\u6751\u4ebaCO\u7387"},"PPWCO":{"type":"double","value":"0.0","desc":"PP\u6642\u4eba\u72fcCO\u7387"},"PPPCO":{"type":"double","value":"0.0","desc":"PP\u6642\u88cf\u5207\u308a\u8005CO\u7387"},"LR":{"type":"double","value":"1","desc":"\u7656\u306e\u5b66\u7fd2"},"vote":{"type":"select","desc":"\u6295\u7968","value":{"W":"0.7","V":"0.0","P":"0.0","S":"0","B":"0.0","M":"0.0","EVoted":"0.7","WR":"0.0","FW":"0.0","Black":"0.0","White":"0.0"}},"talk":{"type":"select","desc":"\u6295\u7968\u767a\u8a00","value":{"W":"0.25","V":"0.0","P":"0.0","S":"0.0","B":"0.0","M":"0.0","EVoted":"0.25","WR":"0.0","FW":"0.0","Black":"0.0","White":"0.0"}},"attack":{"type":"select","desc":"\u8972\u6483","value":{"W":"0.0","V":"0.5","P":"0.0","S":"0.5","B":"0.0","M":"0.0","EVoted":"0.0","WR":"1","FW":"0.0","Black":"0.0","White":"0.0"}},"talkDivineW":{"type":"select","desc":"\u5360\u3044\u5831\u544a\uff08\u767d\uff09","value":{"W":"0.0","V":"0.01","P":"0.01","S":"0.01","B":"0.0","M":"0.0","EVoted":"0.0","WR":"0.0","FW":"0.0","Black":"0.0","White":"0.0"}},"talkDivineB":{"type":"select","desc":"\u5360\u3044\u5831\u544a\uff08\u9ed2\uff09","value":{"W":"1","V":"0.0","P":"0.0","S":"0.0","B":"0.0","M":"0.0","EVoted":"0.0","WR":"0.0","FW":"0.0","Black":"0.0","White":"0.0"}}},"P":{"SCO":{"type":"double","value":"0.0","desc":"\u5360\u3044\u5e2bCO\u7387"},"PPVCO":{"type":"double","value":"0.0","desc":"PP\u6642\u6751\u4ebaCO\u7387"},"PPWCO":{"type":"double","value":"0.0","desc":"PP\u6642\u4eba\u72fcCO\u7387"},"PPPCO":{"type":"double","value":"0.0","desc":"PP\u6642\u88cf\u5207\u308a\u8005CO\u7387"},"LR":{"type":"double","value":"1","desc":"\u7656\u306e\u5b66\u7fd2"},"vote":{"type":"select","desc":"\u6295\u7968","value":{"W":"0.75","V":"0.0","P":"0.0","S":"0","B":"0.0","M":"0.0","EVoted":"0.75","WR":"0.0","FW":"0.0","Black":"0.0","White":"0.0"}},"talk":{"type":"select","desc":"\u6295\u7968\u767a\u8a00","value":{"W":"0.25","V":"0.0","P":"0.0","S":"0.0","B":"0.0","M":"0.0","EVoted":"0.25","WR":"0.0","FW":"0.0","Black":"0.0","White":"0.0"}},"talkDivineW":{"type":"select","desc":"\u5360\u3044\u5831\u544a\uff08\u767d\uff09","value":{"W":"0","V":"0.7","P":"0.7","S":"0.7","B":"0.0","M":"0.0","EVoted":"0.0","WR":"0.0","FW":"0.0","Black":"0.0","White":"0.0"}},"talkDivineB":{"type":"select","desc":"\u5360\u3044\u5831\u544a\uff08\u9ed2\uff09","value":{"W":"0.1","V":"0.0","P":"0.0","S":"0.0","B":"0.0","M":"0.0","EVoted":"0.0","WR":"0.0","FW":"0.0","Black":"0.0","White":"0.0"}}}},"p15":{"V":{"PPVCO":{"type":"double","value":"0.0","desc":"PP\u6642\u6751\u4ebaCO\u7387"},"PPWCO":{"type":"double","value":"0.0","desc":"PP\u6642\u4eba\u72fcCO\u7387"},"PPPCO":{"type":"double","value":"0.0","desc":"PP\u6642\u88cf\u5207\u308a\u8005CO\u7387"},"LR":{"type":"double","value":"1","desc":"\u7656\u306e\u5b66\u7fd2"},"vote":{"type":"select","desc":"\u6295\u7968","value":{"W":"1","V":"0.0","P":"0.0","S":"-0.3","B":"-0.3","M":"-0.3","EVoted":"0.01","WR":"0.0","FW":"0.0","Black":"0.0","White":"0.0"}},"talk":{"type":"select","desc":"\u6295\u7968\u767a\u8a00","value":{"W":"1","V":"0.0","P":"0.0","S":"0.0","B":"0.0","M":"0.0","EVoted":"0.01","WR":"0.0","FW":"0.0","Black":"0.0","White":"0.0"}}},"S":{"PPVCO":{"type":"double","value":"0.0","desc":"PP\u6642\u6751\u4ebaCO\u7387"},"PPWCO":{"type":"double","value":"0.0","desc":"PP\u6642\u4eba\u72fcCO\u7387"},"PPPCO":{"type":"double","value":"0.0","desc":"PP\u6642\u88cf\u5207\u308a\u8005CO\u7387"},"LR":{"type":"double","value":"1","desc":"\u7656\u306e\u5b66\u7fd2"},"vote":{"type":"select","desc":"\u6295\u7968","value":{"W":"1","V":"0.0","P":"0.0","S":"0.0","B":"0.0","M":"0.0","EVoted":"0.01","WR":"0.0","FW":"0.0","Black":"0.0","White":"0.0"}},"talk":{"type":"select","desc":"\u6295\u7968\u767a\u8a00","value":{"W":"1","V":"0.0","P":"0.0","S":"0.0","B":"0.0","M":"0.0","EVoted":"0.01","WR":"0.0","FW":"0.0","Black":"0.0","White":"0.0"}},"talkDivineW":{"type":"select","desc":"\u5360\u3044\u5831\u544a\uff08\u767d\uff09","value":{"W":"0.0","V":"0.0","P":"0.0","S":"0.0","B":"0.0","M":"0.0","EVoted":"0.0","WR":"0.0","FW":"0.0","Black":"0.0","White":"1"}},"talkDivineB":{"type":"select","desc":"\u5360\u3044\u5831\u544a\uff08\u9ed2\uff09","value":{"W":"0","V":"0.0","P":"0","S":"0.0","B":"0.0","M":"0.0","EVoted":"0.0","WR":"0.0","FW":"0.0","Black":"1","White":"0.0"}},"divine":{"type":"select","desc":"\u5360\u3044\u5148","value":{"W":"1","V":"0.0","P":"0.0","S":"0.0","B":"0.0","M":"0.0","EVoted":"0.01","WR":"1","FW":"0.0","Black":"0.0","White":"0.0"}}},"B":{"PPVCO":{"type":"double","value":"0.0","desc":"PP\u6642\u6751\u4ebaCO\u7387"},"PPWCO":{"type":"double","value":"0.0","desc":"PP\u6642\u4eba\u72fcCO\u7387"},"PPPCO":{"type":"double","value":"0.0","desc":"PP\u6642\u88cf\u5207\u308a\u8005CO\u7387"},"LR":{"type":"double","value":"1","desc":"\u7656\u306e\u5b66\u7fd2"},"vote":{"type":"select","desc":"\u6295\u7968","value":{"W":"1","V":"0.0","P":"0.0","S":"-0.3","B":"-0.3","M":"-0.3","EVoted":"0.01","WR":"0.0","FW":"0.0","Black":"0.0","White":"0.0"}},"talk":{"type":"select","desc":"\u6295\u7968\u767a\u8a00","value":{"W":"1","V":"0.0","P":"0.0","S":"0.0","B":"0.0","M":"0.0","EVoted":"0.01","WR":"0.0","FW":"0.0","Black":"0.0","White":"0.0"}},"guard":{"type":"select","desc":"\u8b77\u885b","value":{"W":"0.0","V":"0.1","P":"0.0","S":"0.8","B":"0.0","M":"0.1","EVoted":"0.0","WR":"1","FW":"0.0","Black":"0.0","White":"0.0"}}},"M":{"PPVCO":{"type":"double","value":"0.0","desc":"PP\u6642\u6751\u4ebaCO\u7387"},"PPWCO":{"type":"double","value":"0.0","desc":"PP\u6642\u4eba\u72fcCO\u7387"},"PPPCO":{"type":"double","value":"0.0","desc":"PP\u6642\u88cf\u5207\u308a\u8005CO\u7387"},"LR":{"type":"double","value":"1","desc":"\u7656\u306e\u5b66\u7fd2"},"vote":{"type":"select","desc":"\u6295\u7968","value":{"W":"1","V":"0.0","P":"0.0","S":"-0.3","B":"-0.3","M":"-0.3","EVoted":"0.01","WR":"0.0","FW":"0.0","Black":"0.0","White":"0.0"}},"talk":{"type":"select","desc":"\u6295\u7968\u767a\u8a00","value":{"W":"1","V":"0.0","P":"0.0","S":"0.0","B":"0.0","M":"0.0","EVoted":"0.01","WR":"0.0","FW":"0.0","Black":"0.0","White":"0.0"}}},"W":{"SCO":{"type":"double","value":"0.0","desc":"\u5360\u3044\u5e2bCO\u7387"},"PPVCO":{"type":"double","value":"0.0","desc":"PP\u6642\u6751\u4ebaCO\u7387"},"PPWCO":{"type":"double","value":"0.8","desc":"PP\u6642\u4eba\u72fcCO\u7387"},"PPPCO":{"type":"double","value":"0.2","desc":"PP\u6642\u88cf\u5207\u308a\u8005CO\u7387"},"LR":{"type":"double","value":"1","desc":"\u7656\u306e\u5b66\u7fd2"},"vote":{"type":"select","desc":"\u6295\u7968","value":{"W":"0.25","V":"0.0","P":"0.0","S":"0","B":"0","M":"0","EVoted":"0.5","WR":"0.0","FW":"0","Black":"0.0","White":"0.0"}},"talk":{"type":"select","desc":"\u6295\u7968\u767a\u8a00","value":{"W":"0.75","V":"0.0","P":"0.0","S":"0.0","B":"0.0","M":"0.0","EVoted":"0.5","WR":"0.0","FW":"0.0","Black":"0.0","White":"0.0"}},"attack":{"type":"select","desc":"\u8972\u6483","value":{"W":"0.0","V":"0.25","P":"0.0","S":"0.25","B":"0.25","M":"0.25","EVoted":"0.0","WR":"1","FW":"0.0","Black":"0.0","White":"0.0"}},"talkDivineW":{"type":"select","desc":"\u5360\u3044\u5831\u544a\uff08\u767d\uff09","value":{"W":"0.0","V":"0.01","P":"0.01","S":"0.01","B":"0.0","M":"0.0","EVoted":"0.0","WR":"0.0","FW":"1","Black":"0.0","White":"0.0"}},"talkDivineB":{"type":"select","desc":"\u5360\u3044\u5831\u544a\uff08\u9ed2\uff09","value":{"W":"1","V":"0.0","P":"0.0","S":"0.0","B":"0.0","M":"0.0","EVoted":"0.0","WR":"0.0","FW":"0.0","Black":"0.0","White":"0.0"}}},"P":{"SCO":{"type":"double","value":"0.0","desc":"\u5360\u3044\u5e2bCO\u7387"},"PPVCO":{"type":"double","value":"0.0","desc":"PP\u6642\u6751\u4ebaCO\u7387"},"PPWCO":{"type":"double","value":"0.2","desc":"PP\u6642\u4eba\u72fcCO\u7387"},"PPPCO":{"type":"double","value":"0.8","desc":"PP\u6642\u88cf\u5207\u308a\u8005CO\u7387"},"LR":{"type":"double","value":"1","desc":"\u7656\u306e\u5b66\u7fd2"},"vote":{"type":"select","desc":"\u6295\u7968","value":{"W":"0.5","V":"0.0","P":"0.0","S":"0","B":"0","M":"0","EVoted":"0.5","WR":"0.0","FW":"0.0","Black":"0.0","White":"0.0"}},"talk":{"type":"select","desc":"\u6295\u7968\u767a\u8a00","value":{"W":"0.5","V":"0.0","P":"0.0","S":"0.0","B":"0.0","M":"0.0","EVoted":"0.5","WR":"0.0","FW":"0.0","Black":"0.0","White":"0.0"}},"talkDivineW":{"type":"select","desc":"\u5360\u3044\u5831\u544a\uff08\u767d\uff09","value":{"W":"1","V":"0","P":"0","S":"0","B":"0.0","M":"0.0","EVoted":"0.0","WR":"0.0","FW":"0.0","Black":"0.0","White":"0.0"}},"talkDivineB":{"type":"select","desc":"\u5360\u3044\u5831\u544a\uff08\u9ed2\uff09","value":{"W":"0","V":"0.0","P":"0.0","S":"0.0","B":"0.0","M":"0.0","EVoted":"0.0","WR":"0.0","FW":"0.0","Black":"0.0","White":"0.0"}}}}}